Subreddit,# posts
whatcarshouldIbuy.json,18
loseit.json,28
VetBiz.json,1
mentalmodelscoach.json,6
Weddingsunder10k.json,4
blogs.json,3
XWingTMG.json,2
hellofresh.json,5
tacticalbarbell.json,1
WeightLossAdvice.json,2
AnxietyDepression.json,1
rvlife.json,1
Millennials.json,1
malefashionadvice.json,5
RedecorHomeDesignGame.json,6
Oxygennotincluded.json,2
4kTV.json,4
cscareerquestions.json,10
govtech_saas.json,1
edmproduction.json,2
DoesAnybodyElse.json,4
ZeroWaste.json,1
FishingForBeginners.json,2
zocken.json,1
Cooking.json,9
AdultADHDSupportGroup.json,1
SteamDeck.json,1
travel.json,2
LifeProTips.json,6
InternalFamilySystems.json,2
AutisticAdults.json,5
AskUK.json,2
bjj.json,2
Buyingforbaby.json,3
productivity.json,47
aww.json,1
relationship_advice.json,16
autism.json,4
arcteryx.json,2
BlackPeopleTwitter.json,1
GetMotivated.json,8
FitMama.json,1
beyondthebump.json,6
cycling.json,2
gamingsuggestions.json,5
BabyBumps.json,9
DMAcademy.json,2
HairTransplants.json,1
rpg.json,1
SonyAlpha.json,4
YouTube_startups.json,4
snakes.json,1
overemployed.json,1
konmari.json,8
television.json,2
TryingForABaby.json,1
CICO.json,5
capsulewardrobe.json,8
GenXWomen.json,1
Morrowind.json,1
Healthygamergg.json,4
solotravel.json,7
Medium.json,1
simpleliving.json,8
DesignMyRoom.json,16
comics.json,5
Teachers.json,17
wow.json,4
Sims3.json,1
bathandbodyworks.json,1
MachE.json,1
ADHD.json,73
femaletravels.json,2
diabetes.json,2
nobuy.json,3
Anki.json,3
NoStupidQuestions.json,5
allisarose.json,1
fitmeals.json,1
Parenting.json,6
fitpregnancy.json,1
InteriorDesign.json,8
povertyfinancecanada.json,2
Etsy.json,1
minimalism.json,23
thesidehustle.json,1
betootaadvocate.json,1
workingmoms.json,11
Cruise.json,2
sewing.json,1
Waiting_To_Wed.json,1
SameGrassButGreener.json,1
IVF.json,6
SaneIndia.json,1
financialindependence.json,3
roughcollies.json,1
ZeroCovidCommunity.json,3
BBallShoes.json,1
ItalyTravel.json,2
RetroWorldNews.json,1
OldWorldGame.json,1
phones.json,1
impcat.json,1
mentalhealth.json,8
realestateinvesting.json,2
MiniPCs.json,1
evilautism.json,1
gaming.json,3
adhdwomen.json,61
knitting.json,3
TwoXChromosomes.json,4
EnglishLearning.json,2
AutismInWomen.json,11
BDSMsapphic.json,1
Qpidi.json,1
CCW.json,1
cutdowndrinking.json,1
Fishing_Gear.json,2
MediumApp.json,1
EnoughTrumpSpam.json,1
wedding.json,5
HomeDecorating.json,6
interiordecorating.json,12
NursingUK.json,1
MediumAuthors.json,1
MultipleSclerosis.json,2
ADHDParalegals.json,2
phuket.json,1
WhiskeyTribe.json,1
moderatelygranolamoms.json,5
sustainability.json,1
Career.json,1
urbansketchers.json,1
espresso.json,7
vandwellers.json,2
onebag.json,4
factorio.json,1
cogsci.json,2
BabyBumpsCanada.json,1
daddit.json,2
EDH.json,3
Anxiety.json,6
CPTSD.json,11
BrainFog.json,1
antiwork.json,3
JapanTravelTips.json,3
declutter.json,22
PlanetZoo.json,1
bassfishing.json,1
Solo_Roleplaying.json,1
redscarepod.json,1
Daytrading.json,6
tmobile.json,1
AskPhotography.json,1
WaltDisneyWorld.json,3
Indiangirlsontinder.json,1
AskWomenOver30.json,4
diabetes_t1.json,3
NewParents.json,5
ABCaus.json,1
teachingresources.json,2
BaldursGate3.json,4
AustralianTeachers.json,4
iphone.json,1
pens.json,1
StandingDesk.json,4
AskReddit.json,16
Mattress.json,8
WaterTreatment.json,1
Rich.json,1
weddingplanning.json,74
science.json,2
weddingdress.json,9
quilting.json,5
ProductManagement.json,1